{"cameraMode":{"drawMode":0,"name":"Shaded","section":"Shading Mode"},"sceneLighting":false,"audioPlay":false,"sceneViewState":{"showFog":true,"showMaterialUpdate":false,"showSkybox":false,"showFlares":true,"showImageEffects":true,"showParticleSystems":true,"showVisualEffectGraphs":true,"m_FxEnabled":false},"in2DMode":false,"pivot":{"x":126.04595947265625,"y":326.26763916015627,"z":-119.80271911621094},"rotation":{"x":0.039102889597415927,"y":0.6925935745239258,"z":-0.03765130788087845,"w":0.7192849516868591},"size":5.463500499725342,"orthographic":false}