{"cameraMode":{"drawMode":0,"name":"Shaded","section":"Shading Mode"},"sceneLighting":false,"audioPlay":false,"sceneViewState":{"showFog":true,"showMaterialUpdate":false,"showSkybox":false,"showFlares":true,"showImageEffects":true,"showParticleSystems":true,"showVisualEffectGraphs":true,"m_FxEnabled":false},"in2DMode":false,"pivot":{"x":-2.0243120193481447,"y":1.4695712327957154,"z":-4.4558491706848148},"rotation":{"x":0.08566567301750183,"y":0.3113919496536255,"z":-0.028198789805173875,"w":0.945999026298523},"size":0.21650634706020356,"orthographic":false}